reward_mean,mrr_mean,recall_mean,recall_dense_mean,term_preserve_mean,keyword_preserve_mean,locked_term_preserve_mean,length_score_mean,clean_format_mean,bad_format_penalty_mean,unsafe_copy_penalty_mean,nonzero_reward_ratio,adv_mean,adv_std,unique_final_query_mean,generated_sample_count_mean,generated_sample_count_max,extra_sample_ratio,reward_gap_raw_mean,reward_gap_met_ratio,max_group_size_hit_ratio,collapsed_group_ratio,all_same_final_query_ratio,flat_reward_group_ratio,sampled,valid_samples,loss,loss_pg,loss_pg_abs_mean,loss_kl,kl_dominance_ratio,updated,phase,epoch,step,timestamp_utc,global_step_idx,valid_ratio,qid_rows,trace_reward_mean,trace_mrr_mean,trace_recall_mean,trace_recall_dense_mean,trace_term_preserve_mean,trace_keyword_preserve_mean,trace_locked_term_preserve_mean,trace_length_score_mean,trace_clean_format_mean,trace_bad_format_penalty_mean,trace_unsafe_copy_penalty_mean,trace_row_reward_mean_avg,trace_row_reward_max_avg,trace_unique_final_query_mean,trace_fallback_ratio,trace_flat_reward_group_ratio,trace_all_same_final_query_ratio,reward_gap_threshold_mean,initial_group_size_mean,extra_sample_count_mean
0.5024645178236807,0.17147150518191243,0.5934065934065934,0.6483516483516484,0.9006639194139193,0.8013278388278389,1.0,0.7234432234432234,1.0,0.0,0.0,1.0,0.08661946773037806,0.8858715295791626,3.3333333333333335,15.166666666666666,16.0,0.2087912087912088,0.06092665912518852,0.20833333333333334,0.7916666666666666,0.16666666666666666,0.16666666666666666,0.3333333333333333,364.0,300.0,-0.09593862041831017,-0.09592757768929004,0.7300278738389413,-1.1038255358712945e-05,6.589990629550385e-05,1.0,train,1,1,2026-04-20T08:02:36.119441+00:00,1,0.8241758241758241,24,0.5024645178236807,0.17147150518191243,0.5934065934065934,0.6483516483516484,0.9006639194139193,0.8013278388278389,1.0,0.7234432234432234,1.0,0.0,0.0,0.5092498506434627,0.5415858967942301,3.3333333333333335,0.0,0.3333333333333333,0.16666666666666666,0.08,12.0,3.1666666666666665
0.438006943186637,0.1386018328524372,0.48904109589041095,0.4945205479452055,0.844703196347032,0.7277625570776256,0.9616438356164384,0.7041095890410959,1.0,0.0,0.0027397260273972603,1.0,0.011305912737160513,0.9102388024330139,3.5,15.208333333333334,16.0,0.21095890410958903,0.07105423987776928,0.25,0.75,0.20833333333333334,0.20833333333333334,0.20833333333333334,365.0,285.0,0.008241957727525579,0.007782112976960969,0.6924411464678614,0.0004598452546536074,0.00169698748904515,1.0,train,1,2,2026-04-20T08:10:13.592554+00:00,2,0.7808219178082192,24,0.438006943186637,0.1386018328524372,0.48904109589041095,0.4945205479452055,0.844703196347032,0.7277625570776256,0.9616438356164384,0.7041095890410959,1.0,0.0,0.0027397260273972603,0.44252769315039536,0.4861596967846968,3.5,0.0,0.20833333333333334,0.20833333333333334,0.08,12.0,3.2083333333333335
0.45655239381336404,0.10062866971859531,0.5666666666666667,0.5972222222222222,0.9034722222222222,0.8097222222222222,0.9972222222222222,0.6657407407407407,1.0,0.0,0.002777777777777778,1.0,-0.09125150615970294,0.9131658673286438,3.4166666666666665,15.0,16.0,0.2,0.07985227144104161,0.25,0.75,0.08333333333333333,0.08333333333333333,0.20833333333333334,360.0,328.0,0.08549151232160157,0.08338858797101349,0.7039102834831106,0.0021029260058455525,0.0037438525697557727,1.0,train,1,3,2026-04-20T08:18:12.000811+00:00,3,0.9111111111111111,24,0.45655239381336404,0.10062866971859531,0.5666666666666667,0.5972222222222222,0.9034722222222222,0.8097222222222222,0.9972222222222222,0.6657407407407407,1.0,0.0,0.002777777777777778,0.45280548756018457,0.5016877798127798,3.4166666666666665,0.0,0.20833333333333334,0.08333333333333333,0.08,12.0,3.0
0.5669659875988553,0.21710004651651815,0.7296511627906976,0.75,0.8991279069767443,0.833139534883721,0.9651162790697675,0.7751937984496124,1.0,0.0,0.0029069767441860465,1.0,-0.0278341730861643,0.9361328482627869,4.208333333333333,14.333333333333334,16.0,0.16279069767441862,0.1592638668536657,0.4166666666666667,0.5833333333333334,0.041666666666666664,0.041666666666666664,0.125,344.0,328.0,0.039088331872956524,0.03553129281144499,0.7149903030395962,0.003557039080793241,0.0067034699433786045,1.0,train,1,4,2026-04-20T08:25:43.424270+00:00,4,0.9534883720930233,24,0.5669659875988553,0.21710004651651815,0.7296511627906976,0.75,0.8991279069767443,0.833139534883721,0.9651162790697675,0.7751937984496124,1.0,0.0,0.0029069767441860465,0.5692319573571958,0.6316705326469595,4.208333333333333,0.0,0.125,0.041666666666666664,0.08,12.0,2.3333333333333335
0.5553685521711862,0.2109489539573773,0.6441176470588236,0.8,0.8910661764705882,0.7821323529411766,1.0,0.8058823529411765,1.0,0.0,0.01764705882352941,1.0,-0.035235118975534156,0.9401935338973999,4.416666666666667,14.166666666666666,16.0,0.15294117647058825,0.1711948553395922,0.4583333333333333,0.5416666666666666,0.08333333333333333,0.08333333333333333,0.125,340.0,308.0,0.01567729462122215,0.010652691676196728,0.7140795079713034,0.005024603947386031,0.009655375291709309,1.0,train,1,5,2026-04-20T08:33:19.876796+00:00,5,0.9058823529411765,24,0.5553685521711862,0.2109489539573773,0.6441176470588236,0.8,0.8910661764705882,0.7821323529411766,1.0,0.8058823529411765,1.0,0.0,0.01764705882352941,0.5572494810888023,0.6359821428571429,4.416666666666667,0.0,0.125,0.08333333333333333,0.08,12.0,2.1666666666666665
0.49304801568163636,0.2183528548399238,0.5316091954022989,0.5632183908045977,0.8888695037401935,0.7777390074803867,1.0,0.7001915708812261,1.0,0.0,0.0,1.0,-0.0943976882042299,0.8842340111732483,4.625,14.5,16.0,0.1724137931034483,0.12999209817959817,0.375,0.625,0.16666666666666666,0.16666666666666666,0.25,348.0,284.0,0.08672908215429372,0.0783808420504063,0.7201173355619253,0.00834823976297622,0.013827407178476917,1.0,train,1,6,2026-04-20T08:40:11.112854+00:00,6,0.8160919540229885,24,0.49304801568163636,0.2183528548399238,0.5316091954022989,0.5632183908045977,0.8888695037401935,0.7777390074803867,1.0,0.7001915708812261,1.0,0.0,0.0,0.48537535665530457,0.5611964031339032,4.625,0.0,0.25,0.16666666666666666,0.08,12.0,2.5
0.5795012938954457,0.3172915765058387,0.6512261580381471,0.6512261580381471,0.8984170234851434,0.7968340469702867,1.0,0.8128973660308809,1.0,0.0,0.0027247956403269754,1.0,0.04857951047391268,0.9031091928482056,4.333333333333333,15.291666666666666,16.0,0.21525885558583105,0.07158182710883394,0.20833333333333334,0.7916666666666666,0.08333333333333333,0.08333333333333333,0.25,367.0,335.0,-0.06730880692350129,-0.07124645229595811,0.6936008143780836,0.00393764533354741,0.009043559134456055,1.0,train,1,7,2026-04-20T08:47:51.509150+00:00,7,0.9128065395095368,24,0.5795012938954457,0.3172915765058387,0.6512261580381471,0.6512261580381471,0.8984170234851434,0.7968340469702867,1.0,0.8128973660308809,1.0,0.0,0.0027247956403269754,0.5870352592977307,0.630885760803524,4.333333333333333,0.0,0.25,0.08333333333333333,0.08,12.0,3.2916666666666665
0.5503444284235048,0.22505419275188368,0.600925925925926,0.7351851851851853,0.9252645502645502,0.8505291005291006,1.0,0.8444444444444444,1.0,0.0,0.002777777777777778,1.0,-0.09793327457995879,0.9413042068481445,4.333333333333333,15.0,16.0,0.2,0.09846578018501391,0.25,0.75,0.125,0.125,0.16666666666666666,360.0,312.0,0.062309657133972414,0.04636407862059199,0.7842520921586607,0.01594558122219475,0.022160772725611767,1.0,train,1,8,2026-04-20T08:55:35.416093+00:00,8,0.8666666666666667,24,0.5503444284235048,0.22505419275188368,0.600925925925926,0.7351851851851853,0.9252645502645502,0.8505291005291006,1.0,0.8444444444444444,1.0,0.0,0.002777777777777778,0.5451547022857853,0.5966607942352912,4.333333333333333,0.0,0.16666666666666666,0.125,0.08,12.0,3.0
0.4461493832761221,0.09103819758176376,0.47277936962750716,0.5816618911174785,0.932871128394051,0.8657422567881021,1.0,0.839541547277937,1.0,0.0,0.03151862464183381,1.0,-0.01560932039189817,0.9395884275436401,5.041666666666667,14.541666666666666,16.0,0.17478510028653296,0.10750887916284257,0.4166666666666667,0.5833333333333334,0.041666666666666664,0.041666666666666664,0.16666666666666666,349.0,333.0,0.0024884451042955836,-0.010832994751207106,0.7294119803441895,0.013321440413069372,0.02185475500380921,1.0,train,1,9,2026-04-20T09:03:09.308473+00:00,9,0.9541547277936963,24,0.4461493832761221,0.09103819758176376,0.47277936962750716,0.5816618911174785,0.932871128394051,0.8657422567881021,1.0,0.839541547277937,1.0,0.0,0.03151862464183381,0.4546739870352287,0.5087749321756675,5.041666666666667,0.0,0.16666666666666666,0.041666666666666664,0.08,12.0,2.5416666666666665
0.5020456420203635,0.12031334446889799,0.6607142857142857,0.6875,0.8483300264550264,0.7293981481481482,0.9672619047619048,0.8501984126984128,0.9940476190476191,0.002976190476190476,0.041666666666666664,1.0,6.86429086185637e-07,0.8997349143028259,4.833333333333333,14.0,16.0,0.14285714285714285,0.14998727521945232,0.5,0.5,0.08333333333333333,0.08333333333333333,0.16666666666666666,336.0,304.0,0.02356723708836446,0.00795961112568253,0.6893385453149676,0.015607623285362885,0.025589991666792513,1.0,train,1,10,2026-04-20T09:10:58.748450+00:00,10,0.9047619047619048,24,0.5020456420203635,0.12031334446889799,0.6607142857142857,0.6875,0.8483300264550264,0.7293981481481482,0.9672619047619048,0.8501984126984128,0.9940476190476191,0.002976190476190476,0.041666666666666664,0.5034218246661102,0.563721743398214,4.833333333333333,0.0,0.16666666666666666,0.08333333333333333,0.08,12.0,2.0
0.4569448969338786,0.09426994582306848,0.5101744186046512,0.5872093023255814,0.9229893410852713,0.8459786821705426,1.0,0.8701550387596899,1.0,0.0,0.03488372093023256,1.0,0.03482531429116809,0.9523805379867554,5.25,14.333333333333334,16.0,0.16279069767441862,0.1266248501248501,0.4166666666666667,0.5833333333333334,0.041666666666666664,0.041666666666666664,0.16666666666666666,344.0,328.0,0.02989859463612935,0.0019879174225668353,0.7085673084607484,0.027910680338128793,0.04141525799192827,1.0,train,1,11,2026-04-20T09:18:19.124501+00:00,11,0.9534883720930233,24,0.4569448969338786,0.09426994582306848,0.5101744186046512,0.5872093023255814,0.9229893410852713,0.8459786821705426,1.0,0.8701550387596899,1.0,0.0,0.03488372093023256,0.4546941322308846,0.5074092162217162,5.25,0.0,0.16666666666666666,0.041666666666666664,0.08,12.0,2.3333333333333335
0.5524945065644747,0.2551243407024868,0.5865102639296188,0.6510263929618768,0.9396871945259042,0.8793743890518084,1.0,0.9169110459433041,0.9970674486803519,0.001466275659824047,0.017595307917888565,1.0,-0.07531172603019172,0.9561781883239746,5.833333333333333,14.208333333333334,16.0,0.15542521994134897,0.10046452937900303,0.4583333333333333,0.5416666666666666,0.08333333333333333,0.08333333333333333,0.125,341.0,309.0,0.07425716802972131,0.045009832491670225,0.7463164181602233,0.029247334548238284,0.04020308260677686,1.0,train,1,12,2026-04-20T09:25:38.460577+00:00,12,0.906158357771261,24,0.5524945065644747,0.2551243407024868,0.5865102639296188,0.6510263929618768,0.9396871945259042,0.8793743890518084,1.0,0.9169110459433041,0.9970674486803519,0.001466275659824047,0.017595307917888565,0.5491652109389162,0.6050478880766572,5.833333333333333,0.0,0.125,0.08333333333333333,0.08,12.0,2.2083333333333335
0.5042176652578603,0.1633674104991481,0.5788690476190477,0.6220238095238095,0.88682208994709,0.7855489417989419,0.9880952380952381,0.9156746031746033,1.0,0.0,0.026785714285714284,1.0,0.04077790576654176,0.9436090588569641,6.125,14.0,16.0,0.14285714285714285,0.1531173982718901,0.5,0.5,0.041666666666666664,0.041666666666666664,0.125,336.0,320.0,-0.0076726867977413345,-0.033619639894459395,0.7345687093795277,0.02594695291593325,0.036108347763512176,1.0,train,1,13,2026-04-20T09:33:00.187555+00:00,13,0.9523809523809523,24,0.5042176652578603,0.1633674104991481,0.5788690476190477,0.6220238095238095,0.88682208994709,0.7855489417989419,0.9880952380952381,0.9156746031746033,1.0,0.0,0.026785714285714284,0.5026833343319634,0.5580631053425972,6.125,0.0,0.125,0.041666666666666664,0.08,12.0,2.0
0.4756642274529888,0.16429060526250855,0.46153846153846156,0.6,0.9175311355311356,0.835062271062271,1.0,0.9620512820512821,1.0,0.0,0.13846153846153847,1.0,-0.036861415708867404,0.9884382486343384,5.833333333333333,13.541666666666666,16.0,0.11384615384615385,0.1906072211222106,0.6666666666666666,0.3333333333333333,0.0,0.0,0.041666666666666664,325.0,325.0,0.07708812324473491,0.039473411979583595,0.6923441461531016,0.03761470927570302,0.05410982531669371,1.0,train,1,14,2026-04-20T09:40:22.186679+00:00,14,1.0,24,0.4756642274529888,0.16429060526250855,0.46153846153846156,0.6,0.9175311355311356,0.835062271062271,1.0,0.9620512820512821,1.0,0.0,0.13846153846153847,0.4877720904829323,0.5683783851433747,5.833333333333333,0.0,0.041666666666666664,0.0,0.08,12.0,1.5416666666666667
0.4989859479973203,0.15690417040482352,0.5617283950617284,0.6033950617283951,0.9003600823045267,0.8007201646090535,1.0,0.9753086419753086,1.0,0.0,0.05864197530864197,1.0,1.2887319848861222e-07,0.9493332505226135,7.125,13.5,16.0,0.1111111111111111,0.1628525132275132,0.625,0.375,0.0,0.0,0.08333333333333333,324.0,324.0,0.04608903205551115,0.0017680481283201112,0.6746041851210189,0.04432098244073985,0.06255458026660225,1.0,train,1,15,2026-04-20T09:47:47.372852+00:00,15,1.0,24,0.4989859479973203,0.15690417040482352,0.5617283950617284,0.6033950617283951,0.9003600823045267,0.8007201646090535,1.0,0.9753086419753086,1.0,0.0,0.05864197530864197,0.5097624098546308,0.5848680555555555,7.125,0.0,0.08333333333333333,0.0,0.08,12.0,1.5
0.5339032779572207,0.1919066323930519,0.56875,0.734375,0.9440104166666666,0.8880208333333334,1.0,0.9697916666666666,1.0,0.0,0.109375,1.0,6.227201083675027e-07,0.9746789932250977,5.916666666666667,13.333333333333334,16.0,0.1,0.17729231233571732,0.6666666666666666,0.3333333333333333,0.0,0.0,0.041666666666666664,320.0,320.0,0.04672106322459513,0.007699663302628323,0.7323634503583889,0.03902139736155732,0.05187635688372934,1.0,train,1,16,2026-04-20T09:55:25.952413+00:00,16,1.0,24,0.5339032779572207,0.1919066323930519,0.56875,0.734375,0.9440104166666666,0.8880208333333334,1.0,0.9697916666666666,1.0,0.0,0.109375,0.537171176896912,0.6231055527015893,5.916666666666667,0.0,0.041666666666666664,0.0,0.08,12.0,1.3333333333333333
0.5346249525038794,0.18483444008322802,0.6176470588235294,0.6970588235294117,0.9287745098039216,0.8575490196078431,1.0,0.9539215686274509,1.0,0.0,0.08235294117647059,1.0,-0.03523565303972539,0.9648950695991516,5.666666666666667,14.166666666666666,16.0,0.15294117647058825,0.16158946729605492,0.4583333333333333,0.5416666666666666,0.08333333333333333,0.08333333333333333,0.08333333333333333,340.0,308.0,0.04634319037779585,0.001713797583111695,0.7844591534926326,0.04462939109229906,0.0560374336315646,1.0,train,1,17,2026-04-20T10:03:55.880855+00:00,17,0.9058823529411765,24,0.5346249525038794,0.18483444008322802,0.6176470588235294,0.6970588235294117,0.9287745098039216,0.8575490196078431,1.0,0.9539215686274509,1.0,0.0,0.08235294117647059,0.5316657625073061,0.59300293230327,5.666666666666667,0.0,0.08333333333333333,0.08333333333333333,0.08,12.0,2.1666666666666665
0.437776402781127,0.07878096750099037,0.41569767441860467,0.5494186046511628,0.9513029485049834,0.9026058970099667,1.0,0.9651162790697675,1.0,0.0,0.020348837209302327,1.0,-1.1455051081125126e-06,0.9021930694580078,6.416666666666667,14.333333333333334,16.0,0.16279069767441862,0.10445822047707266,0.4166666666666667,0.5833333333333334,0.0,0.0,0.16666666666666666,344.0,344.0,0.05224302377956879,0.0016208754440899505,0.617414554938414,0.05062214855544965,0.07725707781372827,1.0,train,1,18,2026-04-20T10:12:22.504782+00:00,18,1.0,24,0.437776402781127,0.07878096750099037,0.41569767441860467,0.5494186046511628,0.9513029485049834,0.9026058970099667,1.0,0.9651162790697675,1.0,0.0,0.020348837209302327,0.4427057268137526,0.48834333505197386,6.416666666666667,0.0,0.16666666666666666,0.0,0.08,12.0,2.3333333333333335
0.5375486818648606,0.2254827511612577,0.5850746268656717,0.6358208955223881,0.9069886498244707,0.8199474489026728,0.9940298507462687,0.9880597014925373,1.0,0.0,0.05970149253731343,1.0,-0.04090016202917739,0.968414843082428,6.75,13.958333333333334,16.0,0.14029850746268657,0.1345507828697484,0.5833333333333334,0.4166666666666667,0.0,0.0,0.08333333333333333,335.0,335.0,0.0910521751964715,0.04241325901960259,0.6924695316312918,0.04863891379643621,0.06691296160615896,1.0,train,1,19,2026-04-20T10:20:34.960524+00:00,19,1.0,24,0.5375486818648606,0.2254827511612577,0.5850746268656717,0.6358208955223881,0.9069886498244707,0.8199474489026728,0.9940298507462687,0.9880597014925373,1.0,0.0,0.05970149253731343,0.5307879401524495,0.5808208009780018,6.75,0.0,0.08333333333333333,0.0,0.08,12.0,1.9583333333333333
0.5078290073835382,0.13987265512982827,0.5649546827794562,0.6873111782477341,0.9384872680189902,0.8769745360379801,1.0,0.9778449144008057,1.0,0.0,0.07854984894259819,1.0,-7.792496969332508e-07,0.9755306839942932,6.708333333333333,13.791666666666666,16.0,0.1299093655589124,0.20708608714275098,0.5833333333333334,0.4166666666666667,0.0,0.0,0.041666666666666664,331.0,331.0,0.05867858707139499,0.003781900074321698,0.7063378944734162,0.05489668342161057,0.07289749467361621,1.0,train,1,20,2026-04-20T10:28:18.440978+00:00,20,1.0,24,0.5078290073835382,0.13987265512982827,0.5649546827794562,0.6873111782477341,0.9384872680189902,0.8769745360379801,1.0,0.9778449144008057,1.0,0.0,0.07854984894259819,0.5038654727936626,0.6100381778309409,6.708333333333333,0.0,0.041666666666666664,0.0,0.08,12.0,1.7916666666666667
0.5640882751163442,0.214599173419346,0.6666666666666666,0.7057057057057057,0.9306342056342057,0.8612684112684112,1.0,0.9769769769769769,1.0,0.0,0.02702702702702703,1.0,2.9336661100387573e-07,0.9756798148155212,6.125,13.875,16.0,0.13513513513513514,0.19676121644072408,0.625,0.375,0.0,0.0,0.041666666666666664,333.0,333.0,0.06100244334599635,0.0027954943699051845,0.7376642296378789,0.058206951761668596,0.07445047231021534,1.0,train,1,21,2026-04-20T10:36:33.673631+00:00,21,1.0,24,0.5640882751163442,0.214599173419346,0.6666666666666666,0.7057057057057057,0.9306342056342057,0.8612684112684112,1.0,0.9769769769769769,1.0,0.0,0.02702702702702703,0.5597751149861144,0.6367824074074074,6.125,0.0,0.041666666666666664,0.0,0.08,12.0,1.875
0.5293172085212884,0.22071549337847066,0.5246913580246914,0.6558641975308642,0.9520282186948854,0.9040564373897707,1.0,0.9897119341563787,1.0,0.0,0.08333333333333333,1.0,2.8545611802442575e-07,0.9493330121040344,7.166666666666667,13.5,16.0,0.1111111111111111,0.13185255820690558,0.625,0.375,0.0,0.0,0.08333333333333333,324.0,324.0,0.054118750385873965,0.009704962010598846,0.6686810464713216,0.04441378927318218,0.06378407604563502,1.0,train,1,22,2026-04-20T10:45:05.076774+00:00,22,1.0,24,0.5293172085212884,0.22071549337847066,0.5246913580246914,0.6558641975308642,0.9520282186948854,0.9040564373897707,1.0,0.9897119341563787,1.0,0.0,0.08333333333333333,0.5240332958527294,0.5910018424036282,7.166666666666667,0.0,0.08333333333333333,0.0,0.08,12.0,1.5
0.5044546634757558,0.19431987332421727,0.5161290322580645,0.5542521994134897,0.925527161011032,0.851054322022064,1.0,0.9814271749755621,1.0,0.0,0.008797653958944282,1.0,-5.9025640711406806e-08,0.926949679851532,6.75,14.208333333333334,16.0,0.15542521994134897,0.16107803624108738,0.4583333333333333,0.5416666666666666,0.0,0.0,0.125,341.0,341.0,0.05771830907880801,0.007780552079731768,0.604884763666131,0.04993775523347231,0.07713424091276071,1.0,train,1,23,2026-04-20T10:53:12.284070+00:00,23,1.0,24,0.5044546634757558,0.19431987332421727,0.5161290322580645,0.5542521994134897,0.925527161011032,0.851054322022064,1.0,0.9814271749755621,1.0,0.0,0.008797653958944282,0.5092429430123931,0.5947773129947996,6.75,0.0,0.125,0.0,0.08,12.0,2.2083333333333335
0.44123889151508805,0.17572305974688435,0.3262108262108262,0.4358974358974359,0.9731244064577398,0.9462488129154796,1.0,0.9468186134852801,1.0,0.0,0.03418803418803419,1.0,-0.034131211160197475,0.9421452879905701,6.333333333333333,14.625,16.0,0.1794871794871795,0.10728967866064641,0.375,0.625,0.0,0.0,0.125,351.0,351.0,0.10288976646556473,0.038015410637319,0.6601912028669562,0.06487435377614195,0.09020181191550371,1.0,train,1,24,2026-04-20T11:01:43.948412+00:00,24,1.0,24,0.44123889151508805,0.17572305974688435,0.3262108262108262,0.4358974358974359,0.9731244064577398,0.9462488129154796,1.0,0.9468186134852801,1.0,0.0,0.03418803418803419,0.44081617796919875,0.5039883619218296,6.333333333333333,0.0,0.125,0.0,0.08,12.0,2.625
0.4936514612904498,0.14866117355132777,0.5198170731707317,0.5701219512195121,0.9885162601626016,0.9770325203252032,1.0,0.9786585365853658,1.0,0.0,0.03048780487804878,1.0,6.414711384511575e-07,0.9239352941513062,7.125,13.666666666666666,16.0,0.12195121951219512,0.14848494098494097,0.5833333333333334,0.4166666666666667,0.0,0.0,0.125,328.0,328.0,0.06461066396931107,0.0015944639538846364,0.6443675497047058,0.0630162011057553,0.08926102225475953,1.0,train,1,25,2026-04-20T11:10:07.258980+00:00,25,1.0,24,0.4936514612904498,0.14866117355132777,0.5198170731707317,0.5701219512195121,0.9885162601626016,0.9770325203252032,1.0,0.9786585365853658,1.0,0.0,0.03048780487804878,0.511617669961854,0.5521462912087912,7.125,0.0,0.125,0.0,0.08,12.0,1.6666666666666667
0.47703549900460723,0.16087778007856784,0.4511494252873563,0.5545977011494253,0.9593151340996168,0.9186302681992338,1.0,0.9798850574712644,1.0,0.0,0.06321839080459771,1.0,0.02751375196870261,0.9398674964904785,6.625,14.5,16.0,0.1724137931034483,0.10215334246584246,0.375,0.625,0.08333333333333333,0.08333333333333333,0.16666666666666666,348.0,316.0,0.02836784796901283,-0.03389056370922591,0.7551256049024877,0.06225841012606515,0.07740571340891075,1.0,train,1,26,2026-04-20T11:18:53.324897+00:00,26,0.9080459770114943,24,0.47703549900460723,0.16087778007856784,0.4511494252873563,0.5545977011494253,0.9593151340996168,0.9186302681992338,1.0,0.9798850574712644,1.0,0.0,0.06321839080459771,0.4841459345786591,0.5220075391950392,6.625,0.0,0.16666666666666666,0.08333333333333333,0.08,12.0,2.5
0.5109734617553414,0.21368873568916646,0.4740853658536585,0.5762195121951219,0.9693089430894309,0.9386178861788618,1.0,0.9969512195121951,1.0,0.0,0.03048780487804878,1.0,-0.04177188759715092,0.9925944209098816,6.333333333333333,13.666666666666666,16.0,0.12195121951219512,0.16929606625258797,0.5833333333333334,0.4166666666666667,0.041666666666666664,0.041666666666666664,0.041666666666666664,328.0,312.0,0.06062536237713618,0.0028033145846655737,0.7291033052218457,0.057822046802567244,0.07392653333340733,1.0,train,1,27,2026-04-20T11:26:59.823800+00:00,27,0.9512195121951219,24,0.5109734617553414,0.21368873568916646,0.4740853658536585,0.5762195121951219,0.9693089430894309,0.9386178861788618,1.0,0.9969512195121951,1.0,0.0,0.03048780487804878,0.5167177504250647,0.5954286720726938,6.333333333333333,0.0,0.041666666666666664,0.041666666666666664,0.08,12.0,1.6666666666666667
0.47402711737618974,0.14928202079808406,0.45588235294117646,0.5411764705882353,0.9458391690009338,0.8916783380018675,1.0,0.9931372549019608,0.9970588235294118,0.0014705882352941176,0.020588235294117647,1.0,3.61287418533774e-07,0.9130830764770508,6.708333333333333,14.166666666666666,16.0,0.15294117647058825,0.15145466251016537,0.4583333333333333,0.5416666666666666,0.0,0.0,0.20833333333333334,340.0,340.0,0.060444362108212184,-0.000371179379084531,0.6440581919515834,0.060815542342392934,0.08663753204906192,1.0,train,1,28,2026-04-20T11:35:08.764639+00:00,28,1.0,24,0.47402711737618974,0.14928202079808406,0.45588235294117646,0.5411764705882353,0.9458391690009338,0.8916783380018675,1.0,0.9931372549019608,0.9970588235294118,0.0014705882352941176,0.020588235294117647,0.47293188866201014,0.5438722572362279,6.708333333333333,0.0,0.20833333333333334,0.0,0.08,12.0,2.1666666666666665
0.506999779742081,0.1389191630740234,0.5684523809523809,0.6577380952380952,0.9606505102040815,0.9213010204081633,1.0,0.9662698412698413,1.0,0.0,0.05357142857142857,1.0,3.179823536248434e-06,0.9258179068565369,7.458333333333333,14.0,16.0,0.14285714285714285,0.1245478524553386,0.5416666666666666,0.4583333333333333,0.0,0.0,0.125,336.0,336.0,0.06625319776746134,0.0022888629519868466,0.6454832602647089,0.06396433423894148,0.09050856307363205,1.0,train,1,29,2026-04-20T11:43:03.099899+00:00,29,1.0,24,0.506999779742081,0.1389191630740234,0.5684523809523809,0.6577380952380952,0.9606505102040815,0.9213010204081633,1.0,0.9662698412698413,1.0,0.0,0.05357142857142857,0.5076808913950012,0.55523403288154,7.458333333333333,0.0,0.125,0.0,0.08,12.0,2.0
0.5562448551839542,0.24544132059079224,0.5804597701149425,0.6839080459770115,0.9337484035759899,0.8674968071519796,1.0,0.9674329501915709,1.0,0.0,0.017241379310344827,1.0,-0.11316954978238578,0.9468313455581665,6.666666666666667,14.5,16.0,0.1724137931034483,0.11028203427396976,0.375,0.625,0.0,0.0,0.16666666666666666,348.0,348.0,0.17157862736064414,0.11589720938889973,0.7873857867069028,0.05568141922421269,0.06658837251105883,1.0,train,1,30,2026-04-20T11:51:46.616782+00:00,30,1.0,24,0.5562448551839542,0.24544132059079224,0.5804597701149425,0.6839080459770115,0.9337484035759899,0.8674968071519796,1.0,0.9674329501915709,1.0,0.0,0.017241379310344827,0.5544221004969493,0.5985992436849291,6.666666666666667,0.0,0.16666666666666666,0.0,0.08,12.0,2.5
0.5241698643181317,0.1852256610770988,0.5710059171597633,0.6301775147928994,0.9663778529163145,0.9327557058326288,1.0,0.990138067061144,1.0,0.0,0.05621301775147929,1.0,-2.3123251615896733e-08,0.9381228089332581,5.916666666666667,14.083333333333334,16.0,0.14792899408284024,0.12283756327014406,0.5,0.5,0.0,0.0,0.16666666666666666,338.0,338.0,0.06829252940486874,0.006566073921834223,0.672612227168838,0.06172645585294592,0.08473225616292303,1.0,train,1,31,2026-04-20T12:00:19.528326+00:00,31,1.0,24,0.5241698643181317,0.1852256610770988,0.5710059171597633,0.6301775147928994,0.9663778529163145,0.9327557058326288,1.0,0.990138067061144,1.0,0.0,0.05621301775147929,0.516264092930243,0.5730868599689088,5.916666666666667,0.0,0.16666666666666666,0.0,0.08,12.0,2.0833333333333335
0.47477815103712545,0.11384055055561573,0.48936170212765956,0.5957446808510638,0.951233897814445,0.9024677956288898,1.0,0.9756838905775076,0.9969604863221885,0.001519756838905775,0.00911854103343465,1.0,-0.04164681733673648,0.9423531293869019,7.208333333333333,13.708333333333334,16.0,0.12462006079027356,0.15311524096818213,0.5833333333333334,0.4166666666666667,0.0,0.0,0.125,329.0,329.0,0.11254494685940104,0.044157982948250324,0.6614363186831351,0.06838696423456593,0.09416264088478454,1.0,train,1,32,2026-04-20T12:07:55.386455+00:00,32,1.0,24,0.47477815103712545,0.11384055055561573,0.48936170212765956,0.5957446808510638,0.951233897814445,0.9024677956288898,1.0,0.9756838905775076,0.9969604863221885,0.001519756838905775,0.00911854103343465,0.4761132799080876,0.5413586017740429,7.208333333333333,0.0,0.125,0.0,0.08,12.0,1.7083333333333333
0.5200762230724112,0.2120578917358621,0.5363636363636364,0.5969696969696969,0.9466215728715729,0.8932431457431457,1.0,0.990909090909091,0.9787878787878788,0.010606060606060607,0.030303030303030304,1.0,0.04151470057779189,0.9679139852523804,7.916666666666667,13.75,16.0,0.12727272727272726,0.14385250240303432,0.5833333333333334,0.4166666666666667,0.0,0.0,0.08333333333333333,330.0,330.0,0.019190919399261475,-0.04233915202573619,0.7034036066764119,0.06153007153545993,0.08057968647614855,1.0,train,1,33,2026-04-20T12:16:01.686296+00:00,33,1.0,24,0.5200762230724112,0.2120578917358621,0.5363636363636364,0.5969696969696969,0.9466215728715729,0.8932431457431457,1.0,0.990909090909091,0.9787878787878788,0.010606060606060607,0.030303030303030304,0.5152614636772965,0.5808215048840049,7.916666666666667,0.0,0.08333333333333333,0.0,0.08,12.0,1.75
0.49677186702538345,0.13796141359520459,0.5044642857142857,0.6458333333333334,0.954861111111111,0.9097222222222223,1.0,0.9940476190476191,1.0,0.0,0.01488095238095238,1.0,-0.08155827893919888,0.9341884851455688,6.291666666666667,14.0,16.0,0.14285714285714285,0.11980667292855644,0.5,0.5,0.0,0.0,0.16666666666666666,336.0,336.0,0.16096399303170897,0.08784613498885717,0.5960852422396696,0.07311785781902949,0.10946393924212368,1.0,train,1,34,2026-04-20T12:24:26.359560+00:00,34,1.0,24,0.49677186702538345,0.13796141359520459,0.5044642857142857,0.6458333333333334,0.954861111111111,0.9097222222222223,1.0,0.9940476190476191,1.0,0.0,0.01488095238095238,0.4948751257700457,0.5377245206231899,6.291666666666667,0.0,0.16666666666666666,0.0,0.08,12.0,2.0
0.4524009794628963,0.11856902133894505,0.4269005847953216,0.5029239766081871,0.9633789334447229,0.9267578668894457,1.0,0.9814814814814815,1.0,0.0,0.008771929824561403,1.0,0.005032375585614589,0.8561679124832153,7.125,14.25,16.0,0.15789473684210525,0.14079367693653766,0.4583333333333333,0.5416666666666666,0.0,0.0,0.2916666666666667,342.0,342.0,0.06443351063855558,-0.0005545566152585181,0.5330765984015681,0.0649880663095565,0.11018469233442955,1.0,train,1,35,2026-04-20T12:32:22.355034+00:00,35,1.0,24,0.4524009794628963,0.11856902133894505,0.4269005847953216,0.5029239766081871,0.9633789334447229,0.9267578668894457,1.0,0.9814814814814815,1.0,0.0,0.008771929824561403,0.4575203175521086,0.5166289080431504,7.125,0.0,0.2916666666666667,0.0,0.08,12.0,2.25
0.4696892531826498,0.15807988013526478,0.43352601156069365,0.49710982658959535,0.9595633773740709,0.9191267547481421,1.0,0.9961464354527939,1.0,0.0,0.005780346820809248,1.0,-1.8628389504603567e-06,0.9526323080062866,7.375,14.416666666666666,16.0,0.1676300578034682,0.0722845712104433,0.4166666666666667,0.5833333333333334,0.0,0.0,0.08333333333333333,346.0,346.0,0.07212472207456655,0.001973528942534689,0.6200611129984518,0.07015119346580065,0.10176952591585553,1.0,train,1,36,2026-04-20T12:41:04.750377+00:00,36,1.0,24,0.4696892531826498,0.15807988013526478,0.43352601156069365,0.49710982658959535,0.9595633773740709,0.9191267547481421,1.0,0.9961464354527939,1.0,0.0,0.005780346820809248,0.479854037484941,0.5151406926406926,7.375,0.0,0.08333333333333333,0.0,0.08,12.0,2.4166666666666665
0.576672461951357,0.2405348024420693,0.6366279069767442,0.7093023255813954,0.9782288205980066,0.9593646179401992,0.997093023255814,0.9893410852713178,1.0,0.0,0.0029069767441860465,1.0,3.247825038987537e-07,0.952351987361908,8.208333333333334,14.333333333333334,16.0,0.16279069767441862,0.12771057641905675,0.4583333333333333,0.5416666666666666,0.0,0.0,0.08333333333333333,344.0,344.0,0.07717536844118217,0.0030860444422551366,0.6358826652407473,0.07408932623044631,0.10460762934736073,1.0,train,1,37,2026-04-20T12:48:59.719033+00:00,37,1.0,24,0.576672461951357,0.2405348024420693,0.6366279069767442,0.7093023255813954,0.9782288205980066,0.9593646179401992,0.997093023255814,0.9893410852713178,1.0,0.0,0.0029069767441860465,0.5869901057733172,0.6303264548039569,8.208333333333334,0.0,0.08333333333333333,0.0,0.08,12.0,2.3333333333333335
0.5193720877957564,0.19467027098751824,0.5421348314606742,0.5898876404494382,0.9751521535580524,0.9503043071161049,1.0,0.9662921348314607,1.0,0.0,0.0028089887640449437,1.0,0.03848786970202842,0.9703531861305237,7.583333333333333,14.833333333333334,16.0,0.19101123595505617,0.10761324195498967,0.3333333333333333,0.6666666666666666,0.0,0.0,0.08333333333333333,356.0,356.0,0.03933460886977362,-0.03605452619409293,0.6728722656543336,0.07538913519728636,0.10152760798976956,1.0,train,1,38,2026-04-20T12:57:34.391868+00:00,38,1.0,24,0.5193720877957564,0.19467027098751824,0.5421348314606742,0.5898876404494382,0.9751521535580524,0.9503043071161049,1.0,0.9662921348314607,1.0,0.0,0.0028089887640449437,0.529632816654565,0.5798330275300384,7.583333333333333,0.0,0.08333333333333333,0.0,0.08,12.0,2.8333333333333335
0.47004963817842677,0.13546766269752888,0.4649122807017544,0.5292397660818714,0.9700292397660819,0.9400584795321637,1.0,0.9619883040935673,1.0,0.0,0.005847953216374269,1.0,1.4123370685772589e-06,0.9271718859672546,8.5,14.25,16.0,0.15789473684210525,0.13768239385092862,0.4583333333333333,0.5416666666666666,0.0,0.0,0.125,342.0,342.0,0.07728206011199812,0.00045917786614239566,0.6891754120588303,0.07682288291149947,0.10150116454480268,1.0,train,1,39,2026-04-20T13:05:31.240699+00:00,39,1.0,24,0.47004963817842677,0.13546766269752888,0.4649122807017544,0.5292397660818714,0.9700292397660819,0.9400584795321637,1.0,0.9619883040935673,1.0,0.0,0.005847953216374269,0.4842004934898743,0.5338805552509913,8.5,0.0,0.125,0.0,0.08,12.0,2.25
0.49030663153129656,0.10730858242213172,0.5471698113207547,0.6172506738544474,0.9859613656783469,0.9719227313566936,1.0,0.9622641509433962,1.0,0.0,0.0026954177897574125,1.0,-0.0692199056571465,0.9139889478683472,7.625,15.458333333333334,16.0,0.22371967654986524,0.08472668258418763,0.25,0.75,0.0,0.0,0.20833333333333334,371.0,371.0,0.14842268101609943,0.07386739452864041,0.6105706712301329,0.07455528382214434,0.10891013719681701,1.0,train,1,40,2026-04-20T13:14:13.619129+00:00,40,1.0,24,0.49030663153129656,0.10730858242213172,0.5471698113207547,0.6172506738544474,0.9859613656783469,0.9719227313566936,1.0,0.9622641509433962,1.0,0.0,0.0026954177897574125,0.49048889681096514,0.538431991483462,7.625,0.0,0.20833333333333334,0.0,0.08,12.0,3.4583333333333335
0.5012124857934901,0.1343463186503918,0.53125,0.6221590909090909,0.9903645833333333,0.9807291666666665,1.0,0.9857954545454546,1.0,0.0,0.0,1.0,-1.1289957910776138e-06,0.8384665250778198,6.916666666666667,14.666666666666666,16.0,0.18181818181818182,0.07690969952426861,0.3333333333333333,0.6666666666666666,0.0,0.0,0.3333333333333333,352.0,352.0,0.08120717644950756,0.005849164000458338,0.5151823970108208,0.0753580127242127,0.12783484964527472,1.0,train,1,41,2026-04-20T13:22:22.390263+00:00,41,1.0,24,0.5012124857934901,0.1343463186503918,0.53125,0.6221590909090909,0.9903645833333333,0.9807291666666665,1.0,0.9857954545454546,1.0,0.0,0.0,0.5090138965327087,0.5443852944630988,6.916666666666667,0.0,0.3333333333333333,0.0,0.08,12.0,2.6666666666666665
0.48774872244032097,0.15868799944561024,0.49096385542168675,0.5323795180722891,0.9734832185886402,0.9469664371772806,1.0,0.9859437751004015,1.0,0.0,0.0,1.0,-3.9160431149494216e-07,0.8984584808349609,7.75,13.833333333333334,16.0,0.13253012048192772,0.1533527040592258,0.5416666666666666,0.4583333333333333,0.0,0.0,0.16666666666666666,332.0,332.0,0.0833328405496137,-0.0020872567140732905,0.5807534448959562,0.0854200970897653,0.1282249919968571,1.0,train,1,42,2026-04-20T13:29:36.407673+00:00,42,1.0,24,0.48774872244032097,0.15868799944561024,0.49096385542168675,0.5323795180722891,0.9734832185886402,0.9469664371772806,1.0,0.9859437751004015,1.0,0.0,0.0,0.5037165745459521,0.5547068707258925,7.75,0.0,0.16666666666666666,0.0,0.08,12.0,1.8333333333333333
0.49235542135478877,0.11740300916928484,0.5771428571428572,0.5857142857142857,0.9393707482993198,0.8787414965986394,1.0,0.98,1.0,0.0,0.002857142857142857,1.0,0.03913380279671401,0.9931092858314514,8.291666666666666,14.583333333333334,16.0,0.17714285714285713,0.10629023592686383,0.375,0.625,0.0,0.0,0.041666666666666664,350.0,350.0,0.04015707906867776,-0.032091283139639666,0.7523344186360815,0.07224836139785891,0.08828420992867905,1.0,train,1,43,2026-04-20T13:37:43.980729+00:00,43,1.0,24,0.49235542135478877,0.11740300916928484,0.5771428571428572,0.5857142857142857,0.9393707482993198,0.8787414965986394,1.0,0.98,1.0,0.0,0.002857142857142857,0.4998081543569437,0.5446988758980038,8.291666666666666,0.0,0.041666666666666664,0.0,0.08,12.0,2.5833333333333335
